

CREATE TABLE IF NOT EXISTS Universite ( uid int,
					nom varchar(50),
                    
					PRIMARY KEY (uid));
                                
CREATE TABLE IF NOT EXISTS Cours ( 	cid int,
					sigle varchar(8),
					uid int,
                    
					PRIMARY KEY (cid),
					CONSTRAINT FK_C_Universite FOREIGN KEY (uid) REFERENCES Universite(uid));

CREATE TABLE IF NOT EXISTS Etudiants (  eid int,
					nom varchar(50),
					uid int,
					email varchar(100) UNIQUE,
					passwordHash varchar(100),
                    
					PRIMARY KEY (eid),
					CONSTRAINT FK_E_Universite FOREIGN KEY (uid) REFERENCES Universite(uid));

CREATE TABLE IF NOT EXISTS Fichiers ( 	fid int,
					lien_daccess varchar(100),
					type_document ENUM('Cours', 'Résumé', 'Examen', 'Exercices'),
					cid int,
					mise_en_ligne DATE,
                    
					PRIMARY KEY (fid),
					CONSTRAINT FK_F_Cours FOREIGN KEY (cid) REFERENCES Cours(cid));

CREATE TABLE IF NOT EXISTS Wallets ( 	wid int,
					solde int,
					payment_method varchar(50),
                    
					PRIMARY KEY (wid));
				
CREATE TABLE IF NOT EXISTS Reviews ( 	rid int,
					eid int,
					fid int,
					mise_en_ligne DATE,
					note int CHECK (note > 0 AND note < 6),
					
					PRIMARY KEY (rid),
					CONSTRAINT FK_R_Etudiant FOREIGN KEY (eid) REFERENCES Etudiants(eid),
					CONSTRAINT FK_R_Fichier FOREIGN KEY (fid) REFERENCES Fichiers(fid));


CREATE TABLE IF NOT EXISTS Comments ( 	cid int,
					rid int,
					titre varchar(50),
					commentaire varchar(200),
					
					PRIMARY KEY (cid),
					CONSTRAINT FK_C_Review FOREIGN KEY (rid) REFERENCES Reviews(rid));

CREATE TABLE IF NOT EXISTS Abonnements (aid int,
					date_debut DATE,
					date_fin DATE,
					cout int,
					eid int,
					
					PRIMARY KEY (aid),
					CONSTRAINT FK_A_Etudiant FOREIGN KEY (eid) REFERENCES Etudiants(eid));

INSERT INTO Universite VALUES 
(1, "University of Toronto"),
(2, "McGill University"),
(3, "University of British Columbia"),
(4, "McMaster University"),
(5, "University of Alberta"),
(6, "University of Waterloo"),
(7, "Western University"),
(8, "Queen's University"),
(9, "Université de Montréal"),
(10, "University of Calgary"),
(11, "Dalhousie University"),
(12, "Carleton University"),
(13, "Simon Fraser University"),
(14, "Université Laval"),
(15, "York University"),
(16, "Concordia University"),
(17, "University of Saskatchewan"),
(18, "Memorial University of Newfoundland"),
(19, "University of Guelph"),
(20, "University of Manitoba");

INSERT INTO Cours VALUES
(1,  "IFT-1001", 1),
(2,  "GLO-2002", 2),
(3,  "GIF-3003", 3),
(4,  "IFT-4004", 4),
(5,  "GLO-5005", 5),
(6,  "GIF-6006", 6),
(7,  "IFT-7007", 7),
(8,  "GLO-8008", 8),
(9,  "GIF-9009", 9),
(10, "IFT-1000", 10);


INSERT INTO Etudiants VALUES
(1,  "Marc Tremblay", 1,  "marc.tremblay@gmail.com", "95e495d9c57d1e80d024e06eeef86b5a108f45454b19ee25110a4710d6f21389"),
(2,  "Sophie Gagnon", 2,  "sophie.gagnon@gmail.com", "95e495d9c57d1e80d024e06eeef86b5a108f45454b19ee25110a4710d6f21389"),
(3,  "Alexandre Roy", 3,  "alexandre.roy@gmail.com", "95e495d9c57d1e80d024e06eeef86b5a108f45454b19ee25110a4710d6f21389"),
(4,  "Julie Bouchard", 4,  "julie.bouchard@gmail.com", "95e495d9c57d1e80d024e06eeef86b5a108f45454b19ee25110a4710d6f21389"),
(5,  "Étienne Côté", 5,  "etienne.cote@gmail.com", "95e495d9c57d1e80d024e06eeef86b5a108f45454b19ee25110a4710d6f21389"),
(6,  "Nicolas Leblanc", 6,  "nicolas.leblanc@gmail.com", "95e495d9c57d1e80d024e06eeef86b5a108f45454b19ee25110a4710d6f21389"),
(7,  "Marie-Claude Fortin", 7,  "marie-claude.fortin@gmail.com", "95e495d9c57d1e80d024e06eeef86b5a108f45454b19ee25110a4710d6f21389"),
(8,  "Olivier Pelletier", 8,  "olivier.pelletier@gmail.com", "95e495d9c57d1e80d024e06eeef86b5a108f45454b19ee25110a4710d6f21389"),
(9,  "Isabelle Gauthier", 9,  "isabelle.gauthier@gmail.com", "95e495d9c57d1e80d024e06eeef86b5a108f45454b19ee25110a4710d6f21389"),
(10, "François Martin", 10, "francois.martin@gmail.com", "95e495d9c57d1e80d024e06eeef86b5a108f45454b19ee25110a4710d6f21389"),
(11, "Caroline Beaulieu", 11, "caroline.beaulieu@gmail.com", "95e495d9c57d1e80d024e06eeef86b5a108f45454b19ee25110a4710d6f21389"),
(12, "Samuel Desjardins", 12, "samuel.desjardins@gmail.com", "95e495d9c57d1e80d024e06eeef86b5a108f45454b19ee25110a4710d6f21389"),
(13, "Laurence Mercier", 13, "laurence.mercier@gmail.com", "95e495d9c57d1e80d024e06eeef86b5a108f45454b19ee25110a4710d6f21389"),
(14, "Jean-Philippe Lavoie", 14, "jean-philippe.lavoie@gmail.com", "95e495d9c57d1e80d024e06eeef86b5a108f45454b19ee25110a4710d6f21389"),
(15, "Amélie Richard", 15, "amelie.richard@gmail.com", "95e495d9c57d1e80d024e06eeef86b5a108f45454b19ee25110a4710d6f21389"),
(16, "Olivier Tremblay", 16, "olivier.tremblay@gmail.com", "95e495d9c57d1e80d024e06eeef86b5a108f45454b19ee25110a4710d6f21389"),
(17, "Chloé Lefebvre", 17, "chloe.lefebvre@gmail.com", "95e495d9c57d1e80d024e06eeef86b5a108f45454b19ee25110a4710d6f21389"),
(18, "Mathieu Royer", 18, "mathieu.royer@gmail.com", "95e495d9c57d1e80d024e06eeef86b5a108f45454b19ee25110a4710d6f21389"),
(19, "Valérie Noël", 19, "valerie.noel@gmail.com", "95e495d9c57d1e80d024e06eeef86b5a108f45454b19ee25110a4710d6f21389"),
(20, "Étienne Gauthier", 20, "etienne.gauthier@gmail.com", "95e495d9c57d1e80d024e06eeef86b5a108f45454b19ee25110a4710d6f21389"),
(21, "Lucie Pelletier", 1,  "lucie.pelletier@gmail.com", "95e495d9c57d1e80d024e06eeef86b5a108f45454b19ee25110a4710d6f21389"),
(22, "Gabriel Fortin", 2,  "gabriel.fortin@gmail.com", "95e495d9c57d1e80d024e06eeef86b5a108f45454b19ee25110a4710d6f21389"),
(23, "Catherine Simard", 3,  "catherine.simard@gmail.com", "95e495d9c57d1e80d024e06eeef86b5a108f45454b19ee25110a4710d6f21389"),
(24, "Patrick Leduc", 4,  "patrick.leduc@gmail.com", "95e495d9c57d1e80d024e06eeef86b5a108f45454b19ee25110a4710d6f21389"),
(25, "Sébastien Gagné", 5,  "sebastien.gagne@gmail.com", "95e495d9c57d1e80d024e06eeef86b5a108f45454b19ee25110a4710d6f21389"),
(26, "Manon Jacques", 6,  "manon.jacques@gmail.com", "95e495d9c57d1e80d024e06eeef86b5a108f45454b19ee25110a4710d6f21389"),
(27, "Jean-Marc Poirier", 7,  "jean-marc.poirier@gmail.com", "95e495d9c57d1e80d024e06eeef86b5a108f45454b19ee25110a4710d6f21389"),
(28, "Anne-Marie Roy", 8,  "anne-marie.roy@gmail.com", "95e495d9c57d1e80d024e06eeef86b5a108f45454b19ee25110a4710d6f21389"),
(29, "Rémi Charbonneau", 9,  "remi.charbonneau@gmail.com", "95e495d9c57d1e80d024e06eeef86b5a108f45454b19ee25110a4710d6f21389"),
(30, "Claudia Beaudin", 10, "claudia.beaudin@gmail.com", "95e495d9c57d1e80d024e06eeef86b5a108f45454b19ee25110a4710d6f21389"),
(31, "Olivier Dufour", 11, "olivier.dufour@gmail.com", "95e495d9c57d1e80d024e06eeef86b5a108f45454b19ee25110a4710d6f21389"),
(32, "Karine Hubert", 12, "karine.hubert@gmail.com", "95e495d9c57d1e80d024e06eeef86b5a108f45454b19ee25110a4710d6f21389"),
(33, "Vincent Blais", 13, "vincent.blais@gmail.com", "95e495d9c57d1e80d024e06eeef86b5a108f45454b19ee25110a4710d6f21389"),
(34, "Mélanie Girard", 14, "melanie.girard@gmail.com", "95e495d9c57d1e80d024e06eeef86b5a108f45454b19ee25110a4710d6f21389"),
(35, "Renaud Pelletier", 15, "renaud.pelletier@gmail.com", "95e495d9c57d1e80d024e06eeef86b5a108f45454b19ee25110a4710d6f21389"),
(36, "Sonia Cormier", 16, "sonia.cormier@gmail.com", "95e495d9c57d1e80d024e06eeef86b5a108f45454b19ee25110a4710d6f21389"),
(37, "Claude Tremblay", 17, "claude.tremblay@gmail.com", "95e495d9c57d1e80d024e06eeef86b5a108f45454b19ee25110a4710d6f21389"),
(38, "Nadia Boucher", 18, "nadia.boucher@gmail.com", "95e495d9c57d1e80d024e06eeef86b5a108f45454b19ee25110a4710d6f21389"),
(39, "Maxime Fortin", 19, "maxime.fortin@gmail.com", "95e495d9c57d1e80d024e06eeef86b5a108f45454b19ee25110a4710d6f21389"),
(40, "Hugo Lavoie", 20, "hugo.lavoie@gmail.com", "95e495d9c57d1e80d024e06eeef86b5a108f45454b19ee25110a4710d6f21389"),
(41, "Ariane Simard", 1,  "ariane.simard@gmail.com", "95e495d9c57d1e80d024e06eeef86b5a108f45454b19ee25110a4710d6f21389"),
(42, "Benoît Côté", 2,  "benoit.cote@gmail.com", "95e495d9c57d1e80d024e06eeef86b5a108f45454b19ee25110a4710d6f21389"),
(43, "Fanny Roy", 3,  "fanny.roy@gmail.com", "95e495d9c57d1e80d024e06eeef86b5a108f45454b19ee25110a4710d6f21389"),
(44, "Dominic Lefebvre", 4,  "dominic.lefebvre@gmail.com", "95e495d9c57d1e80d024e06eeef86b5a108f45454b19ee25110a4710d6f21389"),
(45, "Sarah Tremblay", 5,  "sarah.tremblay@gmail.com", "95e495d9c57d1e80d024e06eeef86b5a108f45454b19ee25110a4710d6f21389"),
(46, "Étienne Moreau", 6,  "etienne.moreau@gmail.com", "95e495d9c57d1e80d024e06eeef86b5a108f45454b19ee25110a4710d6f21389"),
(47, "Josée Marchand", 7,  "josee.marchand@gmail.com", "95e495d9c57d1e80d024e06eeef86b5a108f45454b19ee25110a4710d6f21389"),
(48, "Olivier Bouchard", 8,  "olivier.bouchard2@gmail.com", "95e495d9c57d1e80d024e06eeef86b5a108f45454b19ee25110a4710d6f21389"),
(49, "Camille Gendron", 9,  "camille.gendron@gmail.com", "95e495d9c57d1e80d024e06eeef86b5a108f45454b19ee25110a4710d6f21389"),
(50, "Roxane Dubois", 10, "roxane.dubois@gmail.com", "95e495d9c57d1e80d024e06eeef86b5a108f45454b19ee25110a4710d6f21389"),
(51, "Patrick Morel", 11, "patrick.morel@gmail.com", "95e495d9c57d1e80d024e06eeef86b5a108f45454b19ee25110a4710d6f21389"),
(52, "Marianne Leduc", 12, "marianne.leduc@gmail.com", "95e495d9c57d1e80d024e06eeef86b5a108f45454b19ee25110a4710d6f21389"),
(53, "Olivier Paquet", 13, "olivier.paquet@gmail.com", "95e495d9c57d1e80d024e06eeef86b5a108f45454b19ee25110a4710d6f21389"),
(54, "Corinne Lemoine", 14, "corinne.lemoine@gmail.com", "95e495d9c57d1e80d024e06eeef86b5a108f45454b19ee25110a4710d6f21389"),
(55, "Benoit Riel", 15, "benoit.riel@gmail.com", "95e495d9c57d1e80d024e06eeef86b5a108f45454b19ee25110a4710d6f21389"),
(56, "Hélène Martel", 16, "helene.martel@gmail.com", "95e495d9c57d1e80d024e06eeef86b5a108f45454b19ee25110a4710d6f21389"),
(57, "Réjean Poitras", 17, "rejean.poitras@gmail.com", "95e495d9c57d1e80d024e06eeef86b5a108f45454b19ee25110a4710d6f21389"),
(58, "Karim Beni", 18, "karim.beni@gmail.com", "95e495d9c57d1e80d024e06eeef86b5a108f45454b19ee25110a4710d6f21389"),
(59, "Stéphanie Larrivée", 19, "stephanie.larrivee@gmail.com", "95e495d9c57d1e80d024e06eeef86b5a108f45454b19ee25110a4710d6f21389"),
(60, "Daniel Bouchard", 20, "daniel.bouchard@gmail.com", "95e495d9c57d1e80d024e06eeef86b5a108f45454b19ee25110a4710d6f21389"),
(61, "Hugo Tremblay", 1, "hugo.tremblay2@gmail.com", "95e495d9c57d1e80d024e06eeef86b5a108f45454b19ee25110a4710d6f21389"),
(62, "Sylvie Noël", 2, "sylvie.noel@gmail.com", "95e495d9c57d1e80d024e06eeef86b5a108f45454b19ee25110a4710d6f21389"),
(63, "Éric Larose", 3, "eric.larose@gmail.com", "95e495d9c57d1e80d024e06eeef86b5a108f45454b19ee25110a4710d6f21389"),
(64, "Mireille Bellerose", 4, "mireille.bellerose@gmail.com", "95e495d9c57d1e80d024e06eeef86b5a108f45454b19ee25110a4710d6f21389"),
(65, "Luc Tremblay", 5, "luc.tremblay2@gmail.com", "95e495d9c57d1e80d024e06eeef86b5a108f45454b19ee25110a4710d6f21389"),
(66, "Nathalie Gendron", 6, "nathalie.gendron@gmail.com", "95e495d9c57d1e80d024e06eeef86b5a108f45454b19ee25110a4710d6f21389"),
(67, "Yves Dumas", 7, "yves.dumas@gmail.com", "95e495d9c57d1e80d024e06eeef86b5a108f45454b19ee25110a4710d6f21389"),
(68, "Véronique Paquin", 8, "veronique.paquin@gmail.com", "95e495d9c57d1e80d024e06eeef86b5a108f45454b19ee25110a4710d6f21389"),
(69, "Simon Nadeau", 9, "simon.nadeau@gmail.com", "95e495d9c57d1e80d024e06eeef86b5a108f45454b19ee25110a4710d6f21389"),
(70, "Élodie Caron", 10, "elodie.caron@gmail.com", "95e495d9c57d1e80d024e06eeef86b5a108f45454b19ee25110a4710d6f21389"),
(71, "Stewart Gauthier", 11, "stewart.gauthier@gmail.com", "95e495d9c57d1e80d024e06eeef86b5a108f45454b19ee25110a4710d6f21389"),
(72, "Mylène Couture", 12, "mylene.couture@gmail.com", "95e495d9c57d1e80d024e06eeef86b5a108f45454b19ee25110a4710d6f21389"),
(73, "Jean-Luc Beaupré", 13, "jean-luc.beaupre@gmail.com", "95e495d9c57d1e80d024e06eeef86b5a108f45454b19ee25110a4710d6f21389"),
(74, "Aude Pelletier", 14, "aude.pelletier2@gmail.com", "95e495d9c57d1e80d024e06eeef86b5a108f45454b19ee25110a4710d6f21389"),
(75, "Gilles Martineau", 15, "gilles.martineau@gmail.com", "95e495d9c57d1e80d024e06eeef86b5a108f45454b19ee25110a4710d6f21389"),
(76, "Noémie Roy", 16, "noemie.roy2@gmail.com", "95e495d9c57d1e80d024e06eeef86b5a108f45454b19ee25110a4710d6f21389"),
(77, "Régis Fortier", 17, "regis.fortier@gmail.com", "95e495d9c57d1e80d024e06eeef86b5a108f45454b19ee25110a4710d6f21389"),
(78, "Lise Côté", 18, "lise.cote2@gmail.com", "95e495d9c57d1e80d024e06eeef86b5a108f45454b19ee25110a4710d6f21389"),
(79, "Denis Gauthier", 19, "denis.gauthier@gmail.com", "95e495d9c57d1e80d024e06eeef86b5a108f45454b19ee25110a4710d6f21389"),
(80, "Arielle Simard", 20, "arielle.simard@gmail.com", "95e495d9c57d1e80d024e06eeef86b5a108f45454b19ee25110a4710d6f21389"),
(81, "Loïc Desrochers", 1, "loic.desrochers@gmail.com", "95e495d9c57d1e80d024e06eeef86b5a108f45454b19ee25110a4710d6f21389"),
(82, "Mireille Dubé", 2, "mireille.dube@gmail.com", "95e495d9c57d1e80d024e06eeef86b5a108f45454b19ee25110a4710d6f21389"),
(83, "Frédéric Normand", 3, "frederic.normand@gmail.com", "95e495d9c57d1e80d024e06eeef86b5a108f45454b19ee25110a4710d6f21389"),
(84, "Lydia Parent", 4, "lydia.parent@gmail.com", "95e495d9c57d1e80d024e06eeef86b5a108f45454b19ee25110a4710d6f21389"),
(85, "Cédric L'Écuyer", 5, "cedric.lecuyer@gmail.com", "95e495d9c57d1e80d024e06eeef86b5a108f45454b19ee25110a4710d6f21389"),
(86, "Maude Simard", 6, "maude.simard2@gmail.com", "95e495d9c57d1e80d024e06eeef86b5a108f45454b19ee25110a4710d6f21389"),
(87, "Bastien Roche", 7, "bastien.roche@gmail.com", "95e495d9c57d1e80d024e06eeef86b5a108f45454b19ee25110a4710d6f21389"),
(88, "Manon Lévesque", 8, "manon.levesque2@gmail.com", "95e495d9c57d1e80d024e06eeef86b5a108f45454b19ee25110a4710d6f21389"),
(89, "Guillaume Morin", 9, "guillaume.morin@gmail.com", "95e495d9c57d1e80d024e06eeef86b5a108f45454b19ee25110a4710d6f21389"),
(90, "Brigitte Langlois", 10, "brigitte.langlois@gmail.com", "95e495d9c57d1e80d024e06eeef86b5a108f45454b19ee25110a4710d6f21389"),
(91, "Rébecca Cloutier", 11, "rebecca.cloutier@gmail.com", "95e495d9c57d1e80d024e06eeef86b5a108f45454b19ee25110a4710d6f21389"),
(92, "Mathis Bouchard", 12, "mathis.bouchard@gmail.com", "95e495d9c57d1e80d024e06eeef86b5a108f45454b19ee25110a4710d6f21389"),
(93, "Coralie Simard", 13, "coralie.simard2@gmail.com", "95e495d9c57d1e80d024e06eeef86b5a108f45454b19ee25110a4710d6f21389"),
(94, "Adrien Fortin", 14, "adrien.fortin@gmail.com", "95e495d9c57d1e80d024e06eeef86b5a108f45454b19ee25110a4710d6f21389"),
(95, "Léna Dubois", 15, "lena.dubois2@gmail.com", "95e495d9c57d1e80d024e06eeef86b5a108f45454b19ee25110a4710d6f21389"),
(96, "Owen Bélanger", 16, "owen.belanger@gmail.com", "95e495d9c57d1e80d024e06eeef86b5a108f45454b19ee25110a4710d6f21389"),
(97, "Camille Roy", 17, "camille.roy2@gmail.com", "95e495d9c57d1e80d024e06eeef86b5a108f45454b19ee25110a4710d6f21389"),
(98, "Pascaline Gauthier", 18, "pascaline.gauthier@gmail.com", "95e495d9c57d1e80d024e06eeef86b5a108f45454b19ee25110a4710d6f21389"),
(99, "Yannick Proulx", 19, "yannick.proulx@gmail.com", "95e495d9c57d1e80d024e06eeef86b5a108f45454b19ee25110a4710d6f21389"),
(100,"Violette Roy", 20, "violette.roy@gmail.com", "95e495d9c57d1e80d024e06eeef86b5a108f45454b19ee25110a4710d6f21389");

INSERT INTO Fichiers VALUES
(1,  'fichiers/IFT-1001_cours.pdf',    'Cours',      1,  '2024-01-10'),
(2,  'fichiers/GLO-2002_resume.pdf',   'Résumé',     2,  '2024-01-18'),
(3,  'fichiers/GIF-3003_examen.pdf',   'Examen',     3,  '2024-02-01'),
(4,  'fichiers/IFT-4004_exercices.pdf', 'Exercices',  4,  '2024-02-15'),
(5,  'fichiers/GLO-5005_cours.pdf',    'Cours',      5,  '2024-03-05'),
(6,  'fichiers/GIF-6006_resume.pdf',   'Résumé',     6,  '2024-03-20'),
(7,  'fichiers/IFT-7007_examen.pdf',   'Examen',     7,  '2024-04-02'),
(8,  'fichiers/GLO-8008_exercices.pdf', 'Exercices',  8,  '2024-04-12'),
(9,  'fichiers/GIF-9009_cours.pdf',    'Cours',      9,  '2024-04-22'),
(10, 'fichiers/IFT-1000_resume.pdf',   'Résumé',     10, '2024-05-01');

INSERT INTO Wallets VALUES
(1,  87, 'Google Pay'),
(2,  12, 'Apple Pay'),
(3,  54, 'Carte de Credit'),
(4,  0,  'Carte de Debit'),
(5,  100,'Argent'),
(6,  33, 'Google Pay'),
(7,  76, 'Carte de Credit'),
(8,  45, 'Apple Pay'),
(9,  9,  'Argent'),
(10, 68, 'Carte de Debit'),
(11, 21, 'Google Pay'),
(12, 57, 'Carte de Credit'),
(13, 3,  'Argent'),
(14, 90, 'Apple Pay'),
(15, 47, 'Carte de Debit'),
(16, 14, 'Google Pay'),
(17, 99, 'Carte de Credit'),
(18, 32, 'Apple Pay'),
(19, 0,  'Argent'),
(20, 61, 'Carte de Debit'),
(21, 8,  'Google Pay'),
(22, 73, 'Carte de Credit'),
(23, 29, 'Apple Pay'),
(24, 56, 'Argent'),
(25, 42, 'Carte de Debit'),
(26, 5,  'Google Pay'),
(27, 88, 'Carte de Credit'),
(28, 16, 'Apple Pay'),
(29, 64, 'Argent'),
(30, 38, 'Carte de Debit'),
(31, 25, 'Google Pay'),
(32, 81, 'Carte de Credit'),
(33, 7,  'Apple Pay'),
(34, 49, 'Argent'),
(35, 95, 'Carte de Debit'),
(36, 18, 'Google Pay'),
(37, 60, 'Carte de Credit'),
(38, 2,  'Apple Pay'),
(39, 70, 'Argent'),
(40, 44, 'Carte de Debit'),
(41, 11, 'Google Pay'),
(42, 83, 'Carte de Credit'),
(43, 36, 'Apple Pay'),
(44, 50, 'Argent'),
(45, 28, 'Carte de Debit'),
(46, 66, 'Google Pay'),
(47, 4,  'Carte de Credit'),
(48, 92, 'Apple Pay'),
(49, 40, 'Argent'),
(50, 17, 'Carte de Debit'),
(51,  52, 'Google Pay'),
(52,  6,  'Apple Pay'),
(53,  88, 'Carte de Credit'),
(54,  33, 'Carte de Debit'),
(55,  74, 'Argent'),
(56,  19, 'Google Pay'),
(57,  60, 'Carte de Credit'),
(58,  41, 'Apple Pay'),
(59,  0,  'Argent'),
(60,  95, 'Carte de Debit'),
(61,  27, 'Google Pay'),
(62,  72, 'Carte de Credit'),
(63,  15, 'Apple Pay'),
(64,  46, 'Argent'),
(65,  9,  'Carte de Debit'),
(66,  80, 'Google Pay'),
(67,  36, 'Carte de Credit'),
(68,  53, 'Apple Pay'),
(69,  2,  'Argent'),
(70,  69, 'Carte de Debit'),
(71,  44, 'Google Pay'),
(72,  11, 'Carte de Credit'),
(73,  58, 'Apple Pay'),
(74,  21, 'Argent'),
(75,  77, 'Carte de Debit'),
(76,  5,  'Google Pay'),
(77,  84, 'Carte de Credit'),
(78,  30, 'Apple Pay'),
(79,  63, 'Argent'),
(80,  48, 'Carte de Debit'),
(81,  13, 'Google Pay'),
(82,  90, 'Carte de Credit'),
(83,  35, 'Apple Pay'),
(84,  51, 'Argent'),
(85,  7,  'Carte de Debit'),
(86,  68, 'Google Pay'),
(87,  24, 'Carte de Credit'),
(88,  79, 'Apple Pay'),
(89,  16, 'Argent'),
(90,  55, 'Carte de Debit'),
(91,  37, 'Google Pay'),
(92,  82, 'Carte de Credit'),
(93,  20, 'Apple Pay'),
(94,  61, 'Argent'),
(95,  4,  'Carte de Debit'),
(96,  71, 'Google Pay'),
(97,  29, 'Carte de Credit'),
(98,  47, 'Apple Pay'),
(99,  93, 'Argent'),
(100, 12, 'Carte de Debit');

INSERT INTO Reviews VALUES
(1,  1,  1,  '2024-01-15', 5),
(2,  1,  2,  '2024-01-20', 4),
(3,  2,  3,  '2024-02-03', 4),
(4,  3,  4,  '2024-02-20', 3),
(5,  3,  5,  '2024-02-25', 2),
(6,  3,  6,  '2024-03-05', 4),
(7,  4,  7,  '2024-03-12', 5),
(8,  5,  8,  '2024-03-18', 1),
(9,  6,  9,  '2024-03-25', 3),
(10, 7, 10,  '2024-04-02', 4),
(11, 7, 1,   '2024-04-07', 5),
(12, 8, 2,   '2024-04-10', 2),
(13, 9, 3,   '2024-04-18', 3),
(14, 10,4,   '2024-04-27', 4),
(15, 10,5,   '2024-05-01', 5),
(16, 11,6,   '2024-05-05', 5),
(17, 12,7,   '2024-05-14', 2),
(18, 12,8,   '2024-05-20', 3),
(19, 13,9,   '2024-05-22', 3),
(20, 14,10,  '2024-06-01', 4),
(21, 15,1,   '2024-06-09', 5),
(22, 16,2,   '2024-06-17', 1),
(23, 17,3,   '2024-06-25', 2),
(24, 18,4,   '2024-07-03', 3),
(25, 19,5,   '2024-07-11', 4),
(26, 19,6,   '2024-07-15', 5),
(27, 20,7,   '2024-07-19', 5),
(28, 21,8,   '2024-07-27', 3),
(29, 22,9,   '2024-08-04', 4),
(30, 23,10,  '2024-08-12', 2),
(31, 24,1,   '2024-08-20', 5),
(32, 25,2,   '2024-08-28', 1),
(33, 25,3,   '2024-09-02', 3),
(34, 26,4,   '2024-09-05', 4),
(35, 27,5,   '2024-09-13', 5),
(36, 28,6,   '2024-09-21', 3),
(37, 29,7,   '2024-09-29', 2),
(38, 30,8,   '2024-10-07', 4),
(39, 31,9,   '2024-10-15', 5),
(40, 31,10,  '2024-10-18', 4),
(41, 32,1,   '2024-10-23', 3),
(42, 33,2,   '2024-10-31', 4),
(43, 34,3,   '2024-11-08', 2),
(44, 35,4,   '2024-11-16', 5),
(45, 36,5,   '2024-11-24', 1),
(46, 37,6,   '2024-12-02', 4),
(47, 38,7,   '2024-12-10', 3),
(48, 39,8,   '2024-12-18', 5),
(49, 40,9,   '2025-01-06', 2),
(50, 41,10,  '2025-01-14', 4),
(51, 51, 1, '2025-02-01', 4),
(52, 52, 2, '2025-02-05', 5),
(53, 53, 3, '2025-02-09', 3),
(54, 54, 4, '2025-02-13', 2),
(55, 55, 5, '2025-02-17', 4),
(56, 56, 6, '2025-02-21', 5),
(57, 57, 7, '2025-02-25', 3),
(58, 58, 8, '2025-03-01', 4),
(59, 59, 9, '2025-03-05', 2),
(60, 60,10, '2025-03-09', 5),
(61, 61, 1, '2025-03-13', 4),
(62, 62, 2, '2025-03-17', 3),
(63, 63, 3, '2025-03-21', 5),
(64, 64, 4, '2025-03-25', 4),
(65, 65, 5, '2025-03-29', 2),
(66, 66, 6, '2025-04-02', 1),
(67, 67, 7, '2025-04-06', 5),
(68, 68, 8, '2025-04-10', 4),
(69, 69, 9, '2025-04-14', 3),
(70, 70,10, '2025-04-18', 2),
(71, 71, 1, '2025-04-22', 5),
(72, 72, 2, '2025-04-26', 4),
(73, 73, 3, '2025-04-30', 3),
(74, 74, 4, '2025-05-04', 5),
(75, 75, 5, '2025-05-08', 4),
(76, 76, 6, '2025-05-12', 2),
(77, 77, 7, '2025-05-16', 5),
(78, 78, 8, '2025-05-20', 3),
(79, 79, 9, '2025-05-24', 4),
(80, 80,10, '2025-05-28', 5),
(81, 81, 1, '2025-06-01', 3),
(82, 82, 2, '2025-06-05', 4),
(83, 83, 3, '2025-06-09', 5),
(84, 84, 4, '2025-06-13', 2),
(85, 85, 5, '2025-06-17', 4),
(86, 86, 6, '2025-06-21', 1),
(87, 87, 7, '2025-06-25', 5),
(88, 88, 8, '2025-06-29', 4),
(89, 89, 9, '2025-07-03', 3),
(90, 90,10, '2025-07-07', 2),
(91, 91, 1, '2025-07-11', 5),
(92, 92, 2, '2025-07-15', 4),
(93, 93, 3, '2025-07-19', 3),
(94, 94, 4, '2025-07-23', 5),
(95, 95, 5, '2025-07-27', 4),
(96, 96, 6, '2025-07-31', 2),
(97, 97, 7, '2025-08-04', 5),
(98, 98, 8, '2025-08-08', 3),
(99, 99, 9, '2025-08-12', 4),
(100,100,10,'2025-08-16', 5);

INSERT INTO Comments  VALUES
(1, 1, 'Excellent', 'Très utile et bien expliqué.'),
(2, 2, 'Bon', 'Contenu adapté.'),
(3, 3, 'Correct', 'Assez technique.'),
(4, 4, 'Parfait', 'Couverture complète.'),
(5, 5, 'Décevant', 'Trop superficiel.'),
(6, 6, 'Clair', 'Bonne organisation.'),
(7, 7, 'Recommandé', 'Je recommande.'),
(8, 8, 'Trop court', 'Manque d exercices.'),
(9, 9, 'Utile', 'Aidé pour devoir.'),
(10, 10, 'Très bien', 'Bon équilibre.'),
(11, 11, 'Impressionné', 'Qualité élevée.'),
(12, 12, 'À améliorer', 'Ajouter illustrations.'),
(13, 13, 'Satisfaisant', 'Pour révision.'),
(14, 14, 'Complet', 'Matériel complet.'),
(15, 15, 'Trop avancé', 'Niveau élevé.'),
(16, 16, 'Pratique', 'Beaucoup d exemples.'),
(17, 17, 'Bien structuré', 'Chapitres clairs.'),
(18, 18, 'Nécessite MAJ', 'Parties obsolètes.'),
(19, 19, 'Clair', 'Explications concises.'),
(20, 20, 'Excellent', 'Bonne pédagogie.'),
(21, 21, 'Court', 'Peu de profondeur.'),
(22, 22, 'Très utile', 'A aidé pour examen.'),
(23, 23, 'Correct', 'Utile.'),
(24, 24, 'À jour', 'Contenu récent.'),
(25, 25, 'Basique', 'Convient aux débutants.'),
(26, 26, 'Pertinent', 'Sujets ciblés.'),
(27, 27, 'Super', 'Bon pour pratique.'),
(28, 28, 'OK', 'Peut être amélioré.'),
(29, 29, 'Clair', 'Bonne présentation.'),
(30, 30, 'Très bon', 'Rythme adapté.'),
(31, 31, 'Excellent', 'Matériel de qualité.'),
(32, 32, 'À revoir', 'Erreurs mineures.'),
(33, 33, 'Bien', 'Suffisant pour cours.'),
(34, 34, 'Complet', 'Très détaillé.'),
(35, 35, 'Trop rapide', 'Aller trop vite.'),
(36, 36, 'Utile', 'Bon support projet.'),
(37, 37, 'Médiocre', 'Attentes non satisfaites.'),
(38, 38, 'Correct', 'Peu d illustrations.'),
(39, 39, 'Excellent', 'Contenu pertinent.'),
(40, 40, 'Bien fait', 'Bonne structure.'),
(41, 41, 'Pratique', 'Exemples concrets.'),
(42, 42, 'Satisfaisant', 'Rien à signaler.'),
(43, 43, 'À compléter', 'Ajouter chapitres avancés.'),
(44, 44, 'Bon', 'Convient pour auto-apprentissage.'),
(45, 45, 'Trop cher', 'Coût élevé.'),
(46, 46, 'Excellent', 'Très bien rédigé.'),
(47, 47, 'Insuffisant', 'Pas assez d exercices.'),
(48, 48, 'Clair', 'Bonne lisibilité.'),
(49, 49, 'Très utile', 'A beaucoup aidé.'),
(50, 50, 'Parfait', 'Contenu excellent.'),
(51, 51, 'Utile', 'Bon complément.'),
(52, 52, 'Très bon', 'Explications claires.'),
(53, 53, 'OK', 'Assez correct.'),
(54, 54, 'Décevant', 'Peut être amélioré.'),
(55, 55, 'Clair', 'Bonne organisation.'),
(56, 56, 'Recommandé', 'Très pratique.'),
(57, 57, 'Bien', 'Suffisant pour réviser.'),
(58, 58, 'Complet', 'Contenu assez complet.'),
(59, 59, 'Utile', 'Aidait pour exercice.'),
(60, 60, 'Très bien', 'Bonne pédagogie.'),
(61, 61, 'Correct', 'Rien de spécial.'),
(62, 62, 'À améliorer', 'Ajouter exemples.'),
(63, 63, 'Satisfaisant', 'Convient pour examen.'),
(64, 64, 'Complet', 'Très détaillé.'),
(65, 65, 'Trop avancé', 'Niveau élevé.'),
(66, 66, 'Pratique', 'Exemples concrets.'),
(67, 67, 'Bien structuré', 'Chapitres clairs.'),
(68, 68, 'Nécessite MAJ', 'Quelques corrections.'),
(69, 69, 'Clair', 'Bonne présentation.'),
(70, 70, 'Excellent', 'Très utile.'),
(71, 71, 'Court', 'Peu de profondeur.'),
(72, 72, 'Très utile', 'M a aidé pour examen.'),
(73, 73, 'Correct', 'Utile.'),
(74, 74, 'À jour', 'Contenu récent.'),
(75, 75, 'Basique', 'Convient aux débutants.'),
(76, 76, 'Pertinent', 'Sujets ciblés.'),
(77, 77, 'Super', 'Bon pour pratique.'),
(78, 78, 'OK', 'Peut être amélioré.'),
(79, 79, 'Clair', 'Bonne présentation.'),
(80, 80, 'Très bon', 'Rythme adapté.'),
(81, 81, 'Excellent', 'Matériel de qualité.'),
(82, 82, 'À revoir', 'Erreurs mineures.'),
(83, 83, 'Bien', 'Suffisant pour cours.'),
(84, 84, 'Complet', 'Très détaillé.'),
(85, 85, 'Trop rapide', 'Aller trop vite.'),
(86, 86, 'Utile', 'Bon support projet.'),
(87, 87, 'Médiocre', 'Attentes non satisfaites.'),
(88, 88, 'Correct', 'Peu d illustrations.'),
(89, 89, 'Excellent', 'Contenu pertinent.'),
(90, 90, 'Bien fait', 'Bonne structure.'),
(91, 91, 'Pratique', 'Exemples concrets.'),
(92, 92, 'Satisfaisant', 'Rien à signaler.'),
(93, 93, 'À compléter', 'Ajouter chapitres avancés.'),
(94, 94, 'Bon', 'Convient pour auto-apprentissage.'),
(95, 95, 'Trop cher', 'Coût élevé.'),
(96, 96, 'Excellent', 'Très bien rédigé.'),
(97, 97, 'Insuffisant', 'Pas assez d exercices.'),
(98, 98, 'Clair', 'Bonne lisibilité.'),
(99, 99, 'Très utile', 'A beaucoup aidé.'),
(100,100, 'Parfait', 'Contenu excellent.');

INSERT INTO Abonnements VALUES
(1,  '2024-01-01', '2024-12-31', 50,  1),
(2,  '2024-02-01', '2024-07-31', 100, 2),
(3,  '2024-03-01', '2024-05-31', 150, 3),
(4,  '2024-04-01', '2025-03-31', 50,  4),
(5,  '2024-05-01', '2024-10-31', 100, 5),
(6,  '2024-06-01', '2025-05-31', 150, 6),
(7,  '2024-07-01', '2024-12-31', 50,  7),
(8,  '2024-08-01', '2025-07-31', 100, 8),
(9,  '2024-09-01', '2025-08-31', 150, 9),
(10, '2024-10-01', '2025-09-30', 50,  10),
(11, '2024-01-15', '2024-07-14', 100, 11),
(12, '2024-02-20', '2025-02-19', 150, 12),
(13, '2024-03-10', '2024-09-09', 50,  13),
(14, '2024-04-20', '2025-04-19', 100, 14),
(15, '2024-05-30', '2024-11-29', 150, 15),
(16, '2024-06-15', '2025-06-14', 50,  16),
(17, '2024-07-10', '2024-12-09', 100, 17),
(18, '2024-08-05', '2025-08-04', 150, 18),
(19, '2024-09-12', '2025-03-11', 50,  19),
(20, '2024-10-25', '2025-04-24', 100, 20),
(21, '2024-11-01', '2025-10-31', 150, 21),
(22, '2024-12-01', '2025-05-31', 50,  22),
(23, '2025-01-05', '2025-07-04', 100, 23),
(24, '2025-02-10', '2025-08-09', 150, 24),
(25, '2025-03-15', '2025-09-14', 50,  25),
(26, '2025-04-20', '2026-04-19', 100, 26),
(27, '2025-05-25', '2025-11-24', 150, 27),
(28, '2025-06-30', '2026-06-29', 50,  28),
(29, '2025-07-05', '2025-12-04', 100, 29),
(30, '2025-08-10', '2026-08-09', 150, 30),
(31, '2025-09-15', '2026-09-14', 50,  31),
(32, '2025-10-20', '2026-04-19', 100, 32),
(33, '2025-11-25', '2026-05-24', 150, 33),
(34, '2025-12-30', '2026-06-29', 50,  34),
(35, '2026-01-04', '2026-07-03', 100, 35),
(36, '2026-02-09', '2026-08-08', 150, 36),
(37, '2026-03-16', '2026-09-15', 50,  37),
(38, '2026-04-01', '2026-09-30', 100, 38),
(39, '2026-04-10', '2027-04-09', 150, 39),
(40, '2026-05-01', '2026-10-31', 50,  40),
(41, '2026-06-01', '2027-05-31', 100, 41),
(42, '2026-07-01', '2026-12-31', 150, 42),
(43, '2026-08-01', '2027-07-31', 50,  43),
(44, '2026-09-01', '2027-02-28', 100, 44),
(45, '2026-10-01', '2027-03-31', 150, 45),
(46, '2026-11-01', '2027-10-31', 50,  46),
(47, '2026-12-01', '2027-05-31', 100, 47),
(48, '2027-01-01', '2027-06-30', 150, 48),
(49, '2027-02-01', '2027-08-01', 50,  49),
(50, '2027-03-01', '2028-02-29', 100, 50),
(51, '2025-04-01', '2026-03-31', 50, 51),
(52, '2025-05-01', '2026-04-30', 100,52),
(53, '2025-06-01', '2026-05-31', 150,53),
(54, '2025-07-01', '2026-06-30', 50, 54),
(55, '2025-08-01', '2026-07-31', 100,55),
(56, '2025-09-01', '2026-08-31', 150,56),
(57, '2025-10-01', '2026-09-30', 50, 57),
(58, '2025-11-01', '2026-10-31', 100,58),
(59, '2025-12-01', '2026-11-30', 150,59),
(60, '2026-01-01', '2026-12-31', 50, 60),
(61, '2026-02-01', '2027-01-31', 100,61),
(62, '2026-03-01', '2027-02-28', 150,62),
(63, '2026-04-01', '2027-03-31', 50, 63),
(64, '2026-05-01', '2027-04-30', 100,64),
(65, '2026-06-01', '2027-05-31', 150,65),
(66, '2026-07-01', '2027-06-30', 50, 66),
(67, '2026-08-01', '2027-07-31', 100,67),
(68, '2026-09-01', '2027-08-31', 150,68),
(69, '2026-10-01', '2027-09-30', 50, 69),
(70, '2026-11-01', '2027-10-31', 100,70),
(71, '2026-12-01', '2027-11-30', 150,71),
(72, '2027-01-01', '2027-12-31', 50, 72),
(73, '2027-02-01', '2028-01-31', 100,73),
(74, '2027-03-01', '2028-02-29', 150,74),
(75, '2027-04-01', '2028-03-31', 50, 75),
(76, '2027-05-01', '2028-04-30', 100,76),
(77, '2027-06-01', '2028-05-31', 150,77),
(78, '2027-07-01', '2028-06-30', 50, 78),
(79, '2027-08-01', '2028-07-31', 100,79),
(80, '2027-09-01', '2028-08-31', 150,80),
(81, '2027-10-01', '2028-09-30', 50, 81),
(82, '2027-11-01', '2028-10-31', 100,82),
(83, '2027-12-01', '2028-11-30', 150,83),
(84, '2028-01-01', '2028-12-31', 50, 84),
(85, '2028-02-01', '2029-01-31', 100,85),
(86, '2028-03-01', '2029-02-28', 150,86),
(87, '2028-04-01', '2029-03-31', 50, 87),
(88, '2028-05-01', '2029-04-30', 100,88),
(89, '2028-06-01', '2029-05-31', 150,89),
(90, '2028-07-01', '2029-06-30', 50, 90),
(91, '2028-08-01', '2029-07-31', 100,91),
(92, '2028-09-01', '2029-08-31', 150,92),
(93, '2028-10-01', '2029-09-30', 50, 93),
(94, '2028-11-01', '2029-10-31', 100,94),
(95, '2028-12-01', '2029-11-30', 150,95),
(96, '2029-01-01', '2029-12-31', 50, 96),
(97, '2029-02-01', '2030-01-31', 100,97),
(98, '2029-03-01', '2030-02-28', 150,98),
(99, '2029-04-01', '2030-03-31', 50, 99),
(100,'2029-05-01', '2030-04-30', 100,100);

DELIMITER //

CREATE TRIGGER ajoutAbonnement
BEFORE INSERT ON Abonnements
FOR EACH ROW
BEGIN
    DECLARE soldeWallet INT;
    DECLARE walletExiste INT;

    -- 1. Vérifier que la date de fin est postérieure ou égale à la date de début
    IF NEW.date_fin < NEW.date_debut THEN
        SIGNAL SQLSTATE '45000'
            SET MESSAGE_TEXT = 'Erreur: la date de fin doit etre posterieure ou egale a la date de debut.';
    END IF;

    -- 2. Vérifier l'existence d'un portefeuille pour cet étudiant.
    SELECT COUNT(*) INTO walletExiste
    FROM Wallets
    WHERE wid = NEW.eid;

    IF walletExiste = 0 THEN
        SIGNAL SQLSTATE '45000'
            SET MESSAGE_TEXT = 'Erreur: aucun portefeuille trouve pour etudiant';
    END IF;

    -- 3. Lire le solde actuel du portefeuille
    SELECT solde INTO soldeWallet
    FROM Wallets
    WHERE wid = NEW.eid
    LIMIT 1;

    -- 4. Vérifier que le solde est suffisant pour payer l'abonnement
    IF soldeWallet IS NULL OR soldeWallet < NEW.cout THEN
        SIGNAL SQLSTATE '45000'
            SET MESSAGE_TEXT = 'Erreur: solde insuffisant';
    END IF;

    -- 5. Débiter le coût de l'abonnement du portefeuille
    UPDATE Wallets
    SET solde = solde - NEW.cout
    WHERE wid = NEW.eid;
END//

DELIMITER ;
